nom,marque,prix,description,sport,niveau,poids_oz,url
Gants de Boxe d'entrainement TWINS BGVL3 Noir,Twins,179,Gants de boxe en cuir haut de gamme multiboxe pouce attaché fermeture velcro,boxe,pro,16,https://www.boxing-shop.com/gants-d-entrainement/gants-de-boxe-dentrainement-twins-bgvl3-noir
Gants de Boxe d'entrainement TWINS BGVL3 Gris,Twins,179,Gants de boxe Twins haut de gamme multiboxe en cuir sélectionné,boxe,pro,14,https://www.boxing-shop.com/gants-d-entrainement/gants-de-boxe-dentrainement-twins-bgvl3-gris
Gants de Boxe d'entrainement TWINS BGVL Bleu,Twins,179,Gants de boxe Twins haut de gamme multiboxe en cuir sélectionné,boxe,intermediaire,12,https://www.boxing-shop.com/gants-d-entrainement/gants-de-boxe-dentrainement-twins-bgvl-bleu
Gants de Boxe d'entrainement TWINS BGVL Orange,Twins,179,Gants de boxe Twins haut de gamme multiboxe en cuir sélectionné,boxe,intermediaire,12,https://www.boxing-shop.com/gants-d-entrainement/gants-de-boxe-dentrainement-twins-bgvl3-orange
Gants de Boxe d'entrainement REYES Pro Sparring Redesign Noir,Reyes,219,Meilleurs gants du monde cuir pleine fleur paraffiné à chaud nouvelle coupe ergonomique,boxe,pro,16,https://www.boxing-shop.com/gants-dentrainement/gants-dentrainement-reyes-pro-sparring-re-design-noir
Gants de Boxe d'entrainement REYES Pro Gold Redesign,Reyes,219,Modèle collector Gold exclusivité France cuir haut de gamme sensations inégalées,boxe,pro,16,https://www.boxing-shop.com/gants-dentrainement/gants-dentrainement-reyes-pro-gold-redesign
Gants de Boxe d'entrainement FAIRTEX FXV1 Falcon,Fairtex,159,Gants Fairtex haut de gamme fabrication Thaïlande,muay thai,pro,14,https://www.boxing-shop.com/gants-dentrainement/gants-dentrainement-fairtex-fxv1-falcon
Gants d'entrainement FAIRTEX Metallic Vert,Fairtex,149,Conception métallique construction noyau mousse 3 couches vendu sans le sac,muay thai,intermediaire,14,https://www.boxing-shop.com/gants-d-entrainement/gants-dentrainement-fairtex-metallic-vert
Gants d'entrainement FAIRTEX Metallic Rouge,Fairtex,149,Conception métallique construction noyau mousse 3 couches,muay thai,intermediaire,14,https://www.boxing-shop.com/gants-dentrainement/gants-dentrainement-fairtex-metallic-rouge
Gants de Boxe d'entrainement FAIRTEX X GLORY Black/Gold,Fairtex,149,Gants Fairtex en collaboration avec GLORY édition spéciale,muay thai,pro,14,https://www.boxing-shop.com/gants-d-entrainement/gants-de-boxe-x-glory-1
Gants de Boxe Adidas Speed Tilt 350 Blanc/Or Cactus,Adidas,100,Gants Adidas Speed Tilt 350 entrainement et compétition,boxe,intermediaire,12,https://www.boxing-shop.com/gants-d-entrainement/gants-de-boxe-dentrainement-adidas-speed-tilt-350-1-cactus-1-1
Gants de Boxe Vegan lacets FFB Adidas Speed Tilt 350 Pro,Adidas,99,Gants Vegan à lacets entrainement et compétition FFB,boxe,pro,10,https://www.boxing-shop.com/gants-de-combat/gants-de-boxe-vegan-a-lacets-entrainement-et-competition-ffb-adidas-speed-tilt-350-pro
Gants MMA ELION Sparring Mat-Navy,Elion,39,Mousse injectée haute qualité absorption optimale pouce attaché paume ouverte,mma,intermediaire,0,https://www.boxing-shop.com/gants-de-mma-free-fight/gants-mma-elion-sparring-mat-navy
Protèges tibias Twins SGS10 Noir,Twins,129,Parmi les meilleurs protège tibias du marché fabrication Thaïlandaise,muay thai,pro,0,https://www.boxing-shop.com/proteges-tibias/proteges-tibias-pieds-twins-noir-sgs10
Protèges tibias Twins SGS10 Blanc,Twins,129,Parmi les meilleurs protège tibias du marché fabrication Thaïlandaise,muay thai,pro,0,https://www.boxing-shop.com/proteges-tibias/proteges-tibias-pieds-twins-sgs10-1-2
Protèges tibias Twins SGS10 Bordeaux,Twins,129,Parmi les meilleurs protège tibias du marché fabrication Thaïlandaise,muay thai,pro,0,https://www.boxing-shop.com/proteges-tibias/proteges-tibias-pieds-twins-sgs10-1-1
Protèges tibias Twins SGS10 Kaki,Twins,129,Parmi les meilleurs protège tibias du marché fabrication Thaïlandaise,muay thai,pro,0,https://www.boxing-shop.com/proteges-tibias/proteges-tibias-pieds-twins-sgs10-1-1-1
Protèges tibias Fairtex SP5 Noir,Fairtex,99,Protège tibias cuir haut de gamme fabriqué en Thaïlande,muay thai,pro,0,https://www.boxing-shop.com/proteges-tibias/proteges-tibias-pieds-fairtex-sp5-noir
Protèges tibias Fairtex SP5 Blanc,Fairtex,99,Protège tibias cuir haut de gamme fabriqué en Thaïlande,muay thai,pro,0,https://www.boxing-shop.com/proteges-tibias/proteges-tibias-pieds-fairtex-sp5-blanc
Protège tibias ELION Matblack,Elion,55,Cuir skintex mousse haute densité signature Hand made in Thailand taille unique,muay thai,debutant,0,https://www.boxing-shop.com/proteges-tibias/protege-tibias-elion-matblack
Casque intégral TWINS Noir,Twins,119,Parfaite protection pour entrainements poussés très bonne finition Thaïlandaise,boxe,pro,0,https://www.boxing-shop.com/casques/casque-integral
Protège dents Shock Doctor Double Braces bagues,Shock Doctor,29,Protège dents spécial bagues adulte et junior haute protection,mma,debutant,0,https://www.boxing-shop.com/proteges-dents/protege-dent-double-bagues
Bandes de boxe ELION 4.5m Blanche,Elion,9,Bandes de boxe 4.5m protection mains et poignets,boxe,debutant,0,https://www.boxing-shop.com/divers-protections/bandes-de-boxe-elion-45m-blanche
Bandes de boxe ELION 4.5m Navy,Elion,9,Bandes de boxe 4.5m protection mains et poignets,boxe,debutant,0,https://www.boxing-shop.com/divers-protections/bandes-de-boxe-elion-45m-navy